name,type,direction,description
dim_000,float,,Dimension index 0 of the Uni-Mol embedding
dim_001,float,,Dimension index 1 of the Uni-Mol embedding
dim_002,float,,Dimension index 2 of the Uni-Mol embedding
dim_003,float,,Dimension index 3 of the Uni-Mol embedding
dim_004,float,,Dimension index 4 of the Uni-Mol embedding
dim_005,float,,Dimension index 5 of the Uni-Mol embedding
dim_006,float,,Dimension index 6 of the Uni-Mol embedding
dim_007,float,,Dimension index 7 of the Uni-Mol embedding
dim_008,float,,Dimension index 8 of the Uni-Mol embedding
dim_009,float,,Dimension index 9 of the Uni-Mol embedding
dim_010,float,,Dimension index 10 of the Uni-Mol embedding
dim_011,float,,Dimension index 11 of the Uni-Mol embedding
dim_012,float,,Dimension index 12 of the Uni-Mol embedding
dim_013,float,,Dimension index 13 of the Uni-Mol embedding
dim_014,float,,Dimension index 14 of the Uni-Mol embedding
dim_015,float,,Dimension index 15 of the Uni-Mol embedding
dim_016,float,,Dimension index 16 of the Uni-Mol embedding
dim_017,float,,Dimension index 17 of the Uni-Mol embedding
dim_018,float,,Dimension index 18 of the Uni-Mol embedding
dim_019,float,,Dimension index 19 of the Uni-Mol embedding
dim_020,float,,Dimension index 20 of the Uni-Mol embedding
dim_021,float,,Dimension index 21 of the Uni-Mol embedding
dim_022,float,,Dimension index 22 of the Uni-Mol embedding
dim_023,float,,Dimension index 23 of the Uni-Mol embedding
dim_024,float,,Dimension index 24 of the Uni-Mol embedding
dim_025,float,,Dimension index 25 of the Uni-Mol embedding
dim_026,float,,Dimension index 26 of the Uni-Mol embedding
dim_027,float,,Dimension index 27 of the Uni-Mol embedding
dim_028,float,,Dimension index 28 of the Uni-Mol embedding
dim_029,float,,Dimension index 29 of the Uni-Mol embedding
dim_030,float,,Dimension index 30 of the Uni-Mol embedding
dim_031,float,,Dimension index 31 of the Uni-Mol embedding
dim_032,float,,Dimension index 32 of the Uni-Mol embedding
dim_033,float,,Dimension index 33 of the Uni-Mol embedding
dim_034,float,,Dimension index 34 of the Uni-Mol embedding
dim_035,float,,Dimension index 35 of the Uni-Mol embedding
dim_036,float,,Dimension index 36 of the Uni-Mol embedding
dim_037,float,,Dimension index 37 of the Uni-Mol embedding
dim_038,float,,Dimension index 38 of the Uni-Mol embedding
dim_039,float,,Dimension index 39 of the Uni-Mol embedding
dim_040,float,,Dimension index 40 of the Uni-Mol embedding
dim_041,float,,Dimension index 41 of the Uni-Mol embedding
dim_042,float,,Dimension index 42 of the Uni-Mol embedding
dim_043,float,,Dimension index 43 of the Uni-Mol embedding
dim_044,float,,Dimension index 44 of the Uni-Mol embedding
dim_045,float,,Dimension index 45 of the Uni-Mol embedding
dim_046,float,,Dimension index 46 of the Uni-Mol embedding
dim_047,float,,Dimension index 47 of the Uni-Mol embedding
dim_048,float,,Dimension index 48 of the Uni-Mol embedding
dim_049,float,,Dimension index 49 of the Uni-Mol embedding
dim_050,float,,Dimension index 50 of the Uni-Mol embedding
dim_051,float,,Dimension index 51 of the Uni-Mol embedding
dim_052,float,,Dimension index 52 of the Uni-Mol embedding
dim_053,float,,Dimension index 53 of the Uni-Mol embedding
dim_054,float,,Dimension index 54 of the Uni-Mol embedding
dim_055,float,,Dimension index 55 of the Uni-Mol embedding
dim_056,float,,Dimension index 56 of the Uni-Mol embedding
dim_057,float,,Dimension index 57 of the Uni-Mol embedding
dim_058,float,,Dimension index 58 of the Uni-Mol embedding
dim_059,float,,Dimension index 59 of the Uni-Mol embedding
dim_060,float,,Dimension index 60 of the Uni-Mol embedding
dim_061,float,,Dimension index 61 of the Uni-Mol embedding
dim_062,float,,Dimension index 62 of the Uni-Mol embedding
dim_063,float,,Dimension index 63 of the Uni-Mol embedding
dim_064,float,,Dimension index 64 of the Uni-Mol embedding
dim_065,float,,Dimension index 65 of the Uni-Mol embedding
dim_066,float,,Dimension index 66 of the Uni-Mol embedding
dim_067,float,,Dimension index 67 of the Uni-Mol embedding
dim_068,float,,Dimension index 68 of the Uni-Mol embedding
dim_069,float,,Dimension index 69 of the Uni-Mol embedding
dim_070,float,,Dimension index 70 of the Uni-Mol embedding
dim_071,float,,Dimension index 71 of the Uni-Mol embedding
dim_072,float,,Dimension index 72 of the Uni-Mol embedding
dim_073,float,,Dimension index 73 of the Uni-Mol embedding
dim_074,float,,Dimension index 74 of the Uni-Mol embedding
dim_075,float,,Dimension index 75 of the Uni-Mol embedding
dim_076,float,,Dimension index 76 of the Uni-Mol embedding
dim_077,float,,Dimension index 77 of the Uni-Mol embedding
dim_078,float,,Dimension index 78 of the Uni-Mol embedding
dim_079,float,,Dimension index 79 of the Uni-Mol embedding
dim_080,float,,Dimension index 80 of the Uni-Mol embedding
dim_081,float,,Dimension index 81 of the Uni-Mol embedding
dim_082,float,,Dimension index 82 of the Uni-Mol embedding
dim_083,float,,Dimension index 83 of the Uni-Mol embedding
dim_084,float,,Dimension index 84 of the Uni-Mol embedding
dim_085,float,,Dimension index 85 of the Uni-Mol embedding
dim_086,float,,Dimension index 86 of the Uni-Mol embedding
dim_087,float,,Dimension index 87 of the Uni-Mol embedding
dim_088,float,,Dimension index 88 of the Uni-Mol embedding
dim_089,float,,Dimension index 89 of the Uni-Mol embedding
dim_090,float,,Dimension index 90 of the Uni-Mol embedding
dim_091,float,,Dimension index 91 of the Uni-Mol embedding
dim_092,float,,Dimension index 92 of the Uni-Mol embedding
dim_093,float,,Dimension index 93 of the Uni-Mol embedding
dim_094,float,,Dimension index 94 of the Uni-Mol embedding
dim_095,float,,Dimension index 95 of the Uni-Mol embedding
dim_096,float,,Dimension index 96 of the Uni-Mol embedding
dim_097,float,,Dimension index 97 of the Uni-Mol embedding
dim_098,float,,Dimension index 98 of the Uni-Mol embedding
dim_099,float,,Dimension index 99 of the Uni-Mol embedding
dim_100,float,,Dimension index 100 of the Uni-Mol embedding
dim_101,float,,Dimension index 101 of the Uni-Mol embedding
dim_102,float,,Dimension index 102 of the Uni-Mol embedding
dim_103,float,,Dimension index 103 of the Uni-Mol embedding
dim_104,float,,Dimension index 104 of the Uni-Mol embedding
dim_105,float,,Dimension index 105 of the Uni-Mol embedding
dim_106,float,,Dimension index 106 of the Uni-Mol embedding
dim_107,float,,Dimension index 107 of the Uni-Mol embedding
dim_108,float,,Dimension index 108 of the Uni-Mol embedding
dim_109,float,,Dimension index 109 of the Uni-Mol embedding
dim_110,float,,Dimension index 110 of the Uni-Mol embedding
dim_111,float,,Dimension index 111 of the Uni-Mol embedding
dim_112,float,,Dimension index 112 of the Uni-Mol embedding
dim_113,float,,Dimension index 113 of the Uni-Mol embedding
dim_114,float,,Dimension index 114 of the Uni-Mol embedding
dim_115,float,,Dimension index 115 of the Uni-Mol embedding
dim_116,float,,Dimension index 116 of the Uni-Mol embedding
dim_117,float,,Dimension index 117 of the Uni-Mol embedding
dim_118,float,,Dimension index 118 of the Uni-Mol embedding
dim_119,float,,Dimension index 119 of the Uni-Mol embedding
dim_120,float,,Dimension index 120 of the Uni-Mol embedding
dim_121,float,,Dimension index 121 of the Uni-Mol embedding
dim_122,float,,Dimension index 122 of the Uni-Mol embedding
dim_123,float,,Dimension index 123 of the Uni-Mol embedding
dim_124,float,,Dimension index 124 of the Uni-Mol embedding
dim_125,float,,Dimension index 125 of the Uni-Mol embedding
dim_126,float,,Dimension index 126 of the Uni-Mol embedding
dim_127,float,,Dimension index 127 of the Uni-Mol embedding
dim_128,float,,Dimension index 128 of the Uni-Mol embedding
dim_129,float,,Dimension index 129 of the Uni-Mol embedding
dim_130,float,,Dimension index 130 of the Uni-Mol embedding
dim_131,float,,Dimension index 131 of the Uni-Mol embedding
dim_132,float,,Dimension index 132 of the Uni-Mol embedding
dim_133,float,,Dimension index 133 of the Uni-Mol embedding
dim_134,float,,Dimension index 134 of the Uni-Mol embedding
dim_135,float,,Dimension index 135 of the Uni-Mol embedding
dim_136,float,,Dimension index 136 of the Uni-Mol embedding
dim_137,float,,Dimension index 137 of the Uni-Mol embedding
dim_138,float,,Dimension index 138 of the Uni-Mol embedding
dim_139,float,,Dimension index 139 of the Uni-Mol embedding
dim_140,float,,Dimension index 140 of the Uni-Mol embedding
dim_141,float,,Dimension index 141 of the Uni-Mol embedding
dim_142,float,,Dimension index 142 of the Uni-Mol embedding
dim_143,float,,Dimension index 143 of the Uni-Mol embedding
dim_144,float,,Dimension index 144 of the Uni-Mol embedding
dim_145,float,,Dimension index 145 of the Uni-Mol embedding
dim_146,float,,Dimension index 146 of the Uni-Mol embedding
dim_147,float,,Dimension index 147 of the Uni-Mol embedding
dim_148,float,,Dimension index 148 of the Uni-Mol embedding
dim_149,float,,Dimension index 149 of the Uni-Mol embedding
dim_150,float,,Dimension index 150 of the Uni-Mol embedding
dim_151,float,,Dimension index 151 of the Uni-Mol embedding
dim_152,float,,Dimension index 152 of the Uni-Mol embedding
dim_153,float,,Dimension index 153 of the Uni-Mol embedding
dim_154,float,,Dimension index 154 of the Uni-Mol embedding
dim_155,float,,Dimension index 155 of the Uni-Mol embedding
dim_156,float,,Dimension index 156 of the Uni-Mol embedding
dim_157,float,,Dimension index 157 of the Uni-Mol embedding
dim_158,float,,Dimension index 158 of the Uni-Mol embedding
dim_159,float,,Dimension index 159 of the Uni-Mol embedding
dim_160,float,,Dimension index 160 of the Uni-Mol embedding
dim_161,float,,Dimension index 161 of the Uni-Mol embedding
dim_162,float,,Dimension index 162 of the Uni-Mol embedding
dim_163,float,,Dimension index 163 of the Uni-Mol embedding
dim_164,float,,Dimension index 164 of the Uni-Mol embedding
dim_165,float,,Dimension index 165 of the Uni-Mol embedding
dim_166,float,,Dimension index 166 of the Uni-Mol embedding
dim_167,float,,Dimension index 167 of the Uni-Mol embedding
dim_168,float,,Dimension index 168 of the Uni-Mol embedding
dim_169,float,,Dimension index 169 of the Uni-Mol embedding
dim_170,float,,Dimension index 170 of the Uni-Mol embedding
dim_171,float,,Dimension index 171 of the Uni-Mol embedding
dim_172,float,,Dimension index 172 of the Uni-Mol embedding
dim_173,float,,Dimension index 173 of the Uni-Mol embedding
dim_174,float,,Dimension index 174 of the Uni-Mol embedding
dim_175,float,,Dimension index 175 of the Uni-Mol embedding
dim_176,float,,Dimension index 176 of the Uni-Mol embedding
dim_177,float,,Dimension index 177 of the Uni-Mol embedding
dim_178,float,,Dimension index 178 of the Uni-Mol embedding
dim_179,float,,Dimension index 179 of the Uni-Mol embedding
dim_180,float,,Dimension index 180 of the Uni-Mol embedding
dim_181,float,,Dimension index 181 of the Uni-Mol embedding
dim_182,float,,Dimension index 182 of the Uni-Mol embedding
dim_183,float,,Dimension index 183 of the Uni-Mol embedding
dim_184,float,,Dimension index 184 of the Uni-Mol embedding
dim_185,float,,Dimension index 185 of the Uni-Mol embedding
dim_186,float,,Dimension index 186 of the Uni-Mol embedding
dim_187,float,,Dimension index 187 of the Uni-Mol embedding
dim_188,float,,Dimension index 188 of the Uni-Mol embedding
dim_189,float,,Dimension index 189 of the Uni-Mol embedding
dim_190,float,,Dimension index 190 of the Uni-Mol embedding
dim_191,float,,Dimension index 191 of the Uni-Mol embedding
dim_192,float,,Dimension index 192 of the Uni-Mol embedding
dim_193,float,,Dimension index 193 of the Uni-Mol embedding
dim_194,float,,Dimension index 194 of the Uni-Mol embedding
dim_195,float,,Dimension index 195 of the Uni-Mol embedding
dim_196,float,,Dimension index 196 of the Uni-Mol embedding
dim_197,float,,Dimension index 197 of the Uni-Mol embedding
dim_198,float,,Dimension index 198 of the Uni-Mol embedding
dim_199,float,,Dimension index 199 of the Uni-Mol embedding
dim_200,float,,Dimension index 200 of the Uni-Mol embedding
dim_201,float,,Dimension index 201 of the Uni-Mol embedding
dim_202,float,,Dimension index 202 of the Uni-Mol embedding
dim_203,float,,Dimension index 203 of the Uni-Mol embedding
dim_204,float,,Dimension index 204 of the Uni-Mol embedding
dim_205,float,,Dimension index 205 of the Uni-Mol embedding
dim_206,float,,Dimension index 206 of the Uni-Mol embedding
dim_207,float,,Dimension index 207 of the Uni-Mol embedding
dim_208,float,,Dimension index 208 of the Uni-Mol embedding
dim_209,float,,Dimension index 209 of the Uni-Mol embedding
dim_210,float,,Dimension index 210 of the Uni-Mol embedding
dim_211,float,,Dimension index 211 of the Uni-Mol embedding
dim_212,float,,Dimension index 212 of the Uni-Mol embedding
dim_213,float,,Dimension index 213 of the Uni-Mol embedding
dim_214,float,,Dimension index 214 of the Uni-Mol embedding
dim_215,float,,Dimension index 215 of the Uni-Mol embedding
dim_216,float,,Dimension index 216 of the Uni-Mol embedding
dim_217,float,,Dimension index 217 of the Uni-Mol embedding
dim_218,float,,Dimension index 218 of the Uni-Mol embedding
dim_219,float,,Dimension index 219 of the Uni-Mol embedding
dim_220,float,,Dimension index 220 of the Uni-Mol embedding
dim_221,float,,Dimension index 221 of the Uni-Mol embedding
dim_222,float,,Dimension index 222 of the Uni-Mol embedding
dim_223,float,,Dimension index 223 of the Uni-Mol embedding
dim_224,float,,Dimension index 224 of the Uni-Mol embedding
dim_225,float,,Dimension index 225 of the Uni-Mol embedding
dim_226,float,,Dimension index 226 of the Uni-Mol embedding
dim_227,float,,Dimension index 227 of the Uni-Mol embedding
dim_228,float,,Dimension index 228 of the Uni-Mol embedding
dim_229,float,,Dimension index 229 of the Uni-Mol embedding
dim_230,float,,Dimension index 230 of the Uni-Mol embedding
dim_231,float,,Dimension index 231 of the Uni-Mol embedding
dim_232,float,,Dimension index 232 of the Uni-Mol embedding
dim_233,float,,Dimension index 233 of the Uni-Mol embedding
dim_234,float,,Dimension index 234 of the Uni-Mol embedding
dim_235,float,,Dimension index 235 of the Uni-Mol embedding
dim_236,float,,Dimension index 236 of the Uni-Mol embedding
dim_237,float,,Dimension index 237 of the Uni-Mol embedding
dim_238,float,,Dimension index 238 of the Uni-Mol embedding
dim_239,float,,Dimension index 239 of the Uni-Mol embedding
dim_240,float,,Dimension index 240 of the Uni-Mol embedding
dim_241,float,,Dimension index 241 of the Uni-Mol embedding
dim_242,float,,Dimension index 242 of the Uni-Mol embedding
dim_243,float,,Dimension index 243 of the Uni-Mol embedding
dim_244,float,,Dimension index 244 of the Uni-Mol embedding
dim_245,float,,Dimension index 245 of the Uni-Mol embedding
dim_246,float,,Dimension index 246 of the Uni-Mol embedding
dim_247,float,,Dimension index 247 of the Uni-Mol embedding
dim_248,float,,Dimension index 248 of the Uni-Mol embedding
dim_249,float,,Dimension index 249 of the Uni-Mol embedding
dim_250,float,,Dimension index 250 of the Uni-Mol embedding
dim_251,float,,Dimension index 251 of the Uni-Mol embedding
dim_252,float,,Dimension index 252 of the Uni-Mol embedding
dim_253,float,,Dimension index 253 of the Uni-Mol embedding
dim_254,float,,Dimension index 254 of the Uni-Mol embedding
dim_255,float,,Dimension index 255 of the Uni-Mol embedding
dim_256,float,,Dimension index 256 of the Uni-Mol embedding
dim_257,float,,Dimension index 257 of the Uni-Mol embedding
dim_258,float,,Dimension index 258 of the Uni-Mol embedding
dim_259,float,,Dimension index 259 of the Uni-Mol embedding
dim_260,float,,Dimension index 260 of the Uni-Mol embedding
dim_261,float,,Dimension index 261 of the Uni-Mol embedding
dim_262,float,,Dimension index 262 of the Uni-Mol embedding
dim_263,float,,Dimension index 263 of the Uni-Mol embedding
dim_264,float,,Dimension index 264 of the Uni-Mol embedding
dim_265,float,,Dimension index 265 of the Uni-Mol embedding
dim_266,float,,Dimension index 266 of the Uni-Mol embedding
dim_267,float,,Dimension index 267 of the Uni-Mol embedding
dim_268,float,,Dimension index 268 of the Uni-Mol embedding
dim_269,float,,Dimension index 269 of the Uni-Mol embedding
dim_270,float,,Dimension index 270 of the Uni-Mol embedding
dim_271,float,,Dimension index 271 of the Uni-Mol embedding
dim_272,float,,Dimension index 272 of the Uni-Mol embedding
dim_273,float,,Dimension index 273 of the Uni-Mol embedding
dim_274,float,,Dimension index 274 of the Uni-Mol embedding
dim_275,float,,Dimension index 275 of the Uni-Mol embedding
dim_276,float,,Dimension index 276 of the Uni-Mol embedding
dim_277,float,,Dimension index 277 of the Uni-Mol embedding
dim_278,float,,Dimension index 278 of the Uni-Mol embedding
dim_279,float,,Dimension index 279 of the Uni-Mol embedding
dim_280,float,,Dimension index 280 of the Uni-Mol embedding
dim_281,float,,Dimension index 281 of the Uni-Mol embedding
dim_282,float,,Dimension index 282 of the Uni-Mol embedding
dim_283,float,,Dimension index 283 of the Uni-Mol embedding
dim_284,float,,Dimension index 284 of the Uni-Mol embedding
dim_285,float,,Dimension index 285 of the Uni-Mol embedding
dim_286,float,,Dimension index 286 of the Uni-Mol embedding
dim_287,float,,Dimension index 287 of the Uni-Mol embedding
dim_288,float,,Dimension index 288 of the Uni-Mol embedding
dim_289,float,,Dimension index 289 of the Uni-Mol embedding
dim_290,float,,Dimension index 290 of the Uni-Mol embedding
dim_291,float,,Dimension index 291 of the Uni-Mol embedding
dim_292,float,,Dimension index 292 of the Uni-Mol embedding
dim_293,float,,Dimension index 293 of the Uni-Mol embedding
dim_294,float,,Dimension index 294 of the Uni-Mol embedding
dim_295,float,,Dimension index 295 of the Uni-Mol embedding
dim_296,float,,Dimension index 296 of the Uni-Mol embedding
dim_297,float,,Dimension index 297 of the Uni-Mol embedding
dim_298,float,,Dimension index 298 of the Uni-Mol embedding
dim_299,float,,Dimension index 299 of the Uni-Mol embedding
dim_300,float,,Dimension index 300 of the Uni-Mol embedding
dim_301,float,,Dimension index 301 of the Uni-Mol embedding
dim_302,float,,Dimension index 302 of the Uni-Mol embedding
dim_303,float,,Dimension index 303 of the Uni-Mol embedding
dim_304,float,,Dimension index 304 of the Uni-Mol embedding
dim_305,float,,Dimension index 305 of the Uni-Mol embedding
dim_306,float,,Dimension index 306 of the Uni-Mol embedding
dim_307,float,,Dimension index 307 of the Uni-Mol embedding
dim_308,float,,Dimension index 308 of the Uni-Mol embedding
dim_309,float,,Dimension index 309 of the Uni-Mol embedding
dim_310,float,,Dimension index 310 of the Uni-Mol embedding
dim_311,float,,Dimension index 311 of the Uni-Mol embedding
dim_312,float,,Dimension index 312 of the Uni-Mol embedding
dim_313,float,,Dimension index 313 of the Uni-Mol embedding
dim_314,float,,Dimension index 314 of the Uni-Mol embedding
dim_315,float,,Dimension index 315 of the Uni-Mol embedding
dim_316,float,,Dimension index 316 of the Uni-Mol embedding
dim_317,float,,Dimension index 317 of the Uni-Mol embedding
dim_318,float,,Dimension index 318 of the Uni-Mol embedding
dim_319,float,,Dimension index 319 of the Uni-Mol embedding
dim_320,float,,Dimension index 320 of the Uni-Mol embedding
dim_321,float,,Dimension index 321 of the Uni-Mol embedding
dim_322,float,,Dimension index 322 of the Uni-Mol embedding
dim_323,float,,Dimension index 323 of the Uni-Mol embedding
dim_324,float,,Dimension index 324 of the Uni-Mol embedding
dim_325,float,,Dimension index 325 of the Uni-Mol embedding
dim_326,float,,Dimension index 326 of the Uni-Mol embedding
dim_327,float,,Dimension index 327 of the Uni-Mol embedding
dim_328,float,,Dimension index 328 of the Uni-Mol embedding
dim_329,float,,Dimension index 329 of the Uni-Mol embedding
dim_330,float,,Dimension index 330 of the Uni-Mol embedding
dim_331,float,,Dimension index 331 of the Uni-Mol embedding
dim_332,float,,Dimension index 332 of the Uni-Mol embedding
dim_333,float,,Dimension index 333 of the Uni-Mol embedding
dim_334,float,,Dimension index 334 of the Uni-Mol embedding
dim_335,float,,Dimension index 335 of the Uni-Mol embedding
dim_336,float,,Dimension index 336 of the Uni-Mol embedding
dim_337,float,,Dimension index 337 of the Uni-Mol embedding
dim_338,float,,Dimension index 338 of the Uni-Mol embedding
dim_339,float,,Dimension index 339 of the Uni-Mol embedding
dim_340,float,,Dimension index 340 of the Uni-Mol embedding
dim_341,float,,Dimension index 341 of the Uni-Mol embedding
dim_342,float,,Dimension index 342 of the Uni-Mol embedding
dim_343,float,,Dimension index 343 of the Uni-Mol embedding
dim_344,float,,Dimension index 344 of the Uni-Mol embedding
dim_345,float,,Dimension index 345 of the Uni-Mol embedding
dim_346,float,,Dimension index 346 of the Uni-Mol embedding
dim_347,float,,Dimension index 347 of the Uni-Mol embedding
dim_348,float,,Dimension index 348 of the Uni-Mol embedding
dim_349,float,,Dimension index 349 of the Uni-Mol embedding
dim_350,float,,Dimension index 350 of the Uni-Mol embedding
dim_351,float,,Dimension index 351 of the Uni-Mol embedding
dim_352,float,,Dimension index 352 of the Uni-Mol embedding
dim_353,float,,Dimension index 353 of the Uni-Mol embedding
dim_354,float,,Dimension index 354 of the Uni-Mol embedding
dim_355,float,,Dimension index 355 of the Uni-Mol embedding
dim_356,float,,Dimension index 356 of the Uni-Mol embedding
dim_357,float,,Dimension index 357 of the Uni-Mol embedding
dim_358,float,,Dimension index 358 of the Uni-Mol embedding
dim_359,float,,Dimension index 359 of the Uni-Mol embedding
dim_360,float,,Dimension index 360 of the Uni-Mol embedding
dim_361,float,,Dimension index 361 of the Uni-Mol embedding
dim_362,float,,Dimension index 362 of the Uni-Mol embedding
dim_363,float,,Dimension index 363 of the Uni-Mol embedding
dim_364,float,,Dimension index 364 of the Uni-Mol embedding
dim_365,float,,Dimension index 365 of the Uni-Mol embedding
dim_366,float,,Dimension index 366 of the Uni-Mol embedding
dim_367,float,,Dimension index 367 of the Uni-Mol embedding
dim_368,float,,Dimension index 368 of the Uni-Mol embedding
dim_369,float,,Dimension index 369 of the Uni-Mol embedding
dim_370,float,,Dimension index 370 of the Uni-Mol embedding
dim_371,float,,Dimension index 371 of the Uni-Mol embedding
dim_372,float,,Dimension index 372 of the Uni-Mol embedding
dim_373,float,,Dimension index 373 of the Uni-Mol embedding
dim_374,float,,Dimension index 374 of the Uni-Mol embedding
dim_375,float,,Dimension index 375 of the Uni-Mol embedding
dim_376,float,,Dimension index 376 of the Uni-Mol embedding
dim_377,float,,Dimension index 377 of the Uni-Mol embedding
dim_378,float,,Dimension index 378 of the Uni-Mol embedding
dim_379,float,,Dimension index 379 of the Uni-Mol embedding
dim_380,float,,Dimension index 380 of the Uni-Mol embedding
dim_381,float,,Dimension index 381 of the Uni-Mol embedding
dim_382,float,,Dimension index 382 of the Uni-Mol embedding
dim_383,float,,Dimension index 383 of the Uni-Mol embedding
dim_384,float,,Dimension index 384 of the Uni-Mol embedding
dim_385,float,,Dimension index 385 of the Uni-Mol embedding
dim_386,float,,Dimension index 386 of the Uni-Mol embedding
dim_387,float,,Dimension index 387 of the Uni-Mol embedding
dim_388,float,,Dimension index 388 of the Uni-Mol embedding
dim_389,float,,Dimension index 389 of the Uni-Mol embedding
dim_390,float,,Dimension index 390 of the Uni-Mol embedding
dim_391,float,,Dimension index 391 of the Uni-Mol embedding
dim_392,float,,Dimension index 392 of the Uni-Mol embedding
dim_393,float,,Dimension index 393 of the Uni-Mol embedding
dim_394,float,,Dimension index 394 of the Uni-Mol embedding
dim_395,float,,Dimension index 395 of the Uni-Mol embedding
dim_396,float,,Dimension index 396 of the Uni-Mol embedding
dim_397,float,,Dimension index 397 of the Uni-Mol embedding
dim_398,float,,Dimension index 398 of the Uni-Mol embedding
dim_399,float,,Dimension index 399 of the Uni-Mol embedding
dim_400,float,,Dimension index 400 of the Uni-Mol embedding
dim_401,float,,Dimension index 401 of the Uni-Mol embedding
dim_402,float,,Dimension index 402 of the Uni-Mol embedding
dim_403,float,,Dimension index 403 of the Uni-Mol embedding
dim_404,float,,Dimension index 404 of the Uni-Mol embedding
dim_405,float,,Dimension index 405 of the Uni-Mol embedding
dim_406,float,,Dimension index 406 of the Uni-Mol embedding
dim_407,float,,Dimension index 407 of the Uni-Mol embedding
dim_408,float,,Dimension index 408 of the Uni-Mol embedding
dim_409,float,,Dimension index 409 of the Uni-Mol embedding
dim_410,float,,Dimension index 410 of the Uni-Mol embedding
dim_411,float,,Dimension index 411 of the Uni-Mol embedding
dim_412,float,,Dimension index 412 of the Uni-Mol embedding
dim_413,float,,Dimension index 413 of the Uni-Mol embedding
dim_414,float,,Dimension index 414 of the Uni-Mol embedding
dim_415,float,,Dimension index 415 of the Uni-Mol embedding
dim_416,float,,Dimension index 416 of the Uni-Mol embedding
dim_417,float,,Dimension index 417 of the Uni-Mol embedding
dim_418,float,,Dimension index 418 of the Uni-Mol embedding
dim_419,float,,Dimension index 419 of the Uni-Mol embedding
dim_420,float,,Dimension index 420 of the Uni-Mol embedding
dim_421,float,,Dimension index 421 of the Uni-Mol embedding
dim_422,float,,Dimension index 422 of the Uni-Mol embedding
dim_423,float,,Dimension index 423 of the Uni-Mol embedding
dim_424,float,,Dimension index 424 of the Uni-Mol embedding
dim_425,float,,Dimension index 425 of the Uni-Mol embedding
dim_426,float,,Dimension index 426 of the Uni-Mol embedding
dim_427,float,,Dimension index 427 of the Uni-Mol embedding
dim_428,float,,Dimension index 428 of the Uni-Mol embedding
dim_429,float,,Dimension index 429 of the Uni-Mol embedding
dim_430,float,,Dimension index 430 of the Uni-Mol embedding
dim_431,float,,Dimension index 431 of the Uni-Mol embedding
dim_432,float,,Dimension index 432 of the Uni-Mol embedding
dim_433,float,,Dimension index 433 of the Uni-Mol embedding
dim_434,float,,Dimension index 434 of the Uni-Mol embedding
dim_435,float,,Dimension index 435 of the Uni-Mol embedding
dim_436,float,,Dimension index 436 of the Uni-Mol embedding
dim_437,float,,Dimension index 437 of the Uni-Mol embedding
dim_438,float,,Dimension index 438 of the Uni-Mol embedding
dim_439,float,,Dimension index 439 of the Uni-Mol embedding
dim_440,float,,Dimension index 440 of the Uni-Mol embedding
dim_441,float,,Dimension index 441 of the Uni-Mol embedding
dim_442,float,,Dimension index 442 of the Uni-Mol embedding
dim_443,float,,Dimension index 443 of the Uni-Mol embedding
dim_444,float,,Dimension index 444 of the Uni-Mol embedding
dim_445,float,,Dimension index 445 of the Uni-Mol embedding
dim_446,float,,Dimension index 446 of the Uni-Mol embedding
dim_447,float,,Dimension index 447 of the Uni-Mol embedding
dim_448,float,,Dimension index 448 of the Uni-Mol embedding
dim_449,float,,Dimension index 449 of the Uni-Mol embedding
dim_450,float,,Dimension index 450 of the Uni-Mol embedding
dim_451,float,,Dimension index 451 of the Uni-Mol embedding
dim_452,float,,Dimension index 452 of the Uni-Mol embedding
dim_453,float,,Dimension index 453 of the Uni-Mol embedding
dim_454,float,,Dimension index 454 of the Uni-Mol embedding
dim_455,float,,Dimension index 455 of the Uni-Mol embedding
dim_456,float,,Dimension index 456 of the Uni-Mol embedding
dim_457,float,,Dimension index 457 of the Uni-Mol embedding
dim_458,float,,Dimension index 458 of the Uni-Mol embedding
dim_459,float,,Dimension index 459 of the Uni-Mol embedding
dim_460,float,,Dimension index 460 of the Uni-Mol embedding
dim_461,float,,Dimension index 461 of the Uni-Mol embedding
dim_462,float,,Dimension index 462 of the Uni-Mol embedding
dim_463,float,,Dimension index 463 of the Uni-Mol embedding
dim_464,float,,Dimension index 464 of the Uni-Mol embedding
dim_465,float,,Dimension index 465 of the Uni-Mol embedding
dim_466,float,,Dimension index 466 of the Uni-Mol embedding
dim_467,float,,Dimension index 467 of the Uni-Mol embedding
dim_468,float,,Dimension index 468 of the Uni-Mol embedding
dim_469,float,,Dimension index 469 of the Uni-Mol embedding
dim_470,float,,Dimension index 470 of the Uni-Mol embedding
dim_471,float,,Dimension index 471 of the Uni-Mol embedding
dim_472,float,,Dimension index 472 of the Uni-Mol embedding
dim_473,float,,Dimension index 473 of the Uni-Mol embedding
dim_474,float,,Dimension index 474 of the Uni-Mol embedding
dim_475,float,,Dimension index 475 of the Uni-Mol embedding
dim_476,float,,Dimension index 476 of the Uni-Mol embedding
dim_477,float,,Dimension index 477 of the Uni-Mol embedding
dim_478,float,,Dimension index 478 of the Uni-Mol embedding
dim_479,float,,Dimension index 479 of the Uni-Mol embedding
dim_480,float,,Dimension index 480 of the Uni-Mol embedding
dim_481,float,,Dimension index 481 of the Uni-Mol embedding
dim_482,float,,Dimension index 482 of the Uni-Mol embedding
dim_483,float,,Dimension index 483 of the Uni-Mol embedding
dim_484,float,,Dimension index 484 of the Uni-Mol embedding
dim_485,float,,Dimension index 485 of the Uni-Mol embedding
dim_486,float,,Dimension index 486 of the Uni-Mol embedding
dim_487,float,,Dimension index 487 of the Uni-Mol embedding
dim_488,float,,Dimension index 488 of the Uni-Mol embedding
dim_489,float,,Dimension index 489 of the Uni-Mol embedding
dim_490,float,,Dimension index 490 of the Uni-Mol embedding
dim_491,float,,Dimension index 491 of the Uni-Mol embedding
dim_492,float,,Dimension index 492 of the Uni-Mol embedding
dim_493,float,,Dimension index 493 of the Uni-Mol embedding
dim_494,float,,Dimension index 494 of the Uni-Mol embedding
dim_495,float,,Dimension index 495 of the Uni-Mol embedding
dim_496,float,,Dimension index 496 of the Uni-Mol embedding
dim_497,float,,Dimension index 497 of the Uni-Mol embedding
dim_498,float,,Dimension index 498 of the Uni-Mol embedding
dim_499,float,,Dimension index 499 of the Uni-Mol embedding
dim_500,float,,Dimension index 500 of the Uni-Mol embedding
dim_501,float,,Dimension index 501 of the Uni-Mol embedding
dim_502,float,,Dimension index 502 of the Uni-Mol embedding
dim_503,float,,Dimension index 503 of the Uni-Mol embedding
dim_504,float,,Dimension index 504 of the Uni-Mol embedding
dim_505,float,,Dimension index 505 of the Uni-Mol embedding
dim_506,float,,Dimension index 506 of the Uni-Mol embedding
dim_507,float,,Dimension index 507 of the Uni-Mol embedding
dim_508,float,,Dimension index 508 of the Uni-Mol embedding
dim_509,float,,Dimension index 509 of the Uni-Mol embedding
dim_510,float,,Dimension index 510 of the Uni-Mol embedding
dim_511,float,,Dimension index 511 of the Uni-Mol embedding
